intervid,treatment,resp_female,resp_primary,resp_secondary,resp_tertiary,resp_noschool,resp_age,resp_married,resp_emp,hhmem,hhmem_adults,hhmem_children,hhmem_elderly,hhmem_employed,hhmem_unemployed,hhmem_retired,hhmem_school,total_exp,food_exp,nondur_exp,dur_exp,temp_exp,savings_avg,followup
2,1,1,1,0,0,0,29,0,0,5,2,3,0,0,1,0,2,5740,2080,960,1400,1300,0,1
4,0,0,0,0,1,0,49,0,0,4,3,1,0,0,2,0,2,34678,30160,4488,30,0,500,1
6,0,0,1,0,0,0,24,1,1,1,1,0,0,1,0,0,0,9180,2600,420,4340,1820,0,1
7,0,0,0,1,0,0,45,0,1,1,1,0,0,1,0,0,0,12696,9360,1812,900,624,0,1
8,1,0,1,0,0,0,52,0,1,4,2,2,0,1,0,0,2,2960,2600,360,0,0,0,1
13,1,0,0,1,0,0,18,1,1,5,3,2,0,3,0,0,1,9188,7800,360,300,728,500,1
14,1,0,1,0,0,0,43,0,0,5,4,1,0,0,1,0,3,15340,10920,3360,800,260,0,1
22,1,1,1,0,0,0,28,0,0,6,3,3,0,0,1,0,3,9110,7020,960,1130,0,0,1
26,1,1,1,0,0,0,28,0,0,5,2,3,0,1,0,0,2,7320,5200,1920,200,0,3000,1
29,1,0,1,0,0,0,62,0,1,3,3,0,0,1,1,0,0,7680,5200,2280,200,0,0,1
31,0,1,1,0,0,0,23,0,1,4,2,1,0,1,1,0,1,6680,2860,1200,2100,520,0,1
33,1,0,0,1,0,0,27,1,1,3,3,0,0,2,0,0,0,11720,5720,3000,400,2600,0,1
37,1,0,0,1,0,0,28,0,1,3,2,1,0,2,0,0,0,24000,13000,5400,400,5200,0,1
38,1,0,1,0,0,0,45,0,0,3,3,0,0,0,3,0,0,5248,2600,48,0,2600,0,1
39,0,0,1,0,0,0,36,0,0,3,2,1,0,0,3,0,0,12640,5200,4440,3000,0,500,1
45,1,0,0,1,0,0,44,0,0,4,3,1,0,1,0,1,1,2878,1820,240,350,468,0,1
48,0,0,0,1,0,0,48,0,1,4,3,1,1,2,0,1,1,12050,8060,1440,2550,0,7000,1
49,0,0,1,0,0,0,38,0,1,5,3,2,1,2,0,1,2,13400,8840,3840,200,520,7000,1
50,1,1,1,0,0,0,28,0,1,4,2,2,0,2,0,0,2,6880,3120,1920,800,1040,0,1
52,1,0,0,1,0,0,52,0,1,2,2,0,0,2,0,0,0,8380,5200,3180,0,0,1500,1
54,1,0,0,1,0,0,18,1,1,2,2,0,0,1,0,1,0,10780,5200,5580,0,0,0,1
56,1,0,0,1,0,0,42,0,0,7,5,2,0,0,1,2,3,23080,5200,5340,11500,1040,0,1
57,0,0,1,0,0,0,53,0,1,2,2,0,0,1,0,1,0,9060,8060,480,0,520,0,1
58,1,0,0,1,0,0,50,0,0,2,2,0,0,0,0,1,1,6900,2600,600,3700,0,0,1
61,1,1,0,0,1,0,34,0,0,6,4,2,0,1,1,0,4,45180,11440,6600,26100,1040,0,1
70,1,1,0,1,0,0,41,0,1,4,2,2,0,1,1,0,2,4040,1560,1920,560,0,0,1
71,0,0,1,0,0,0,52,0,1,2,2,0,0,1,0,0,0,3320,2080,240,480,520,0,1
72,1,0,0,1,0,0,38,0,1,5,4,1,0,1,1,0,3,40899,16640,6000,16699,1560,3000,1
74,1,1,0,1,0,0,24,1,0,3,3,0,0,1,0,1,0,14360,7800,2760,3800,0,0,1
75,0,0,0,1,0,0,24,1,0,3,3,0,0,1,1,0,0,22260,6240,4680,10300,1040,0,1
76,1,0,0,1,0,0,45,0,1,4,3,1,0,2,0,0,2,5920,5200,120,600,0,0,1
78,1,1,0,1,0,0,43,0,1,5,3,2,0,2,0,1,2,16450,13000,600,2850,0,0,1
81,0,1,1,0,0,0,45,0,1,4,3,1,0,1,0,1,2,16840,10400,5400,0,1040,0,1
83,0,0,0,1,0,0,29,0,1,4,2,1,0,1,0,0,0,4560,3120,60,600,780,1500,1
85,0,0,0,1,0,0,30,0,1,3,2,0,0,1,1,0,1,9660,5200,2400,500,1560,7000,1
89,1,0,1,0,0,0,54,0,1,5,4,1,0,3,1,0,1,3676,2600,36,0,1040,0,1
90,0,0,1,0,0,0,48,0,1,5,4,1,1,1,1,0,1,12860,3120,1200,7500,1040,0,1
91,0,1,0,1,0,0,33,0,1,4,3,1,0,2,0,0,2,11380,5200,3480,2700,0,3000,1
92,1,0,0,1,0,0,41,0,0,3,2,1,0,0,1,0,1,5260,3120,720,120,1300,0,1
94,0,0,1,0,0,0,40,0,1,7,2,5,0,1,0,0,4,2984,1560,240,300,884,0,1
95,1,1,1,0,0,0,42,0,0,6,4,2,0,1,0,0,3,7164,3640,1200,1700,624,0,1
96,0,0,0,1,0,0,45,0,1,5,5,0,1,4,0,1,0,5532,3640,1476,0,416,7000,1
102,1,1,0,1,0,0,22,1,1,3,3,0,0,1,0,1,0,34620,20800,10920,300,2600,0,1
103,0,1,0,1,0,0,26,0,1,4,2,2,0,2,0,0,2,10772,7800,672,2300,0,0,1
104,1,0,0,1,0,0,24,0,1,5,4,1,0,2,1,0,2,8524,4160,984,2600,780,1500,1
108,1,0,0,1,0,0,50,0,1,4,4,0,0,4,0,0,0,12400,9360,1020,1500,520,0,1
111,0,1,0,1,0,0,52,0,0,2,1,1,0,0,1,0,1,6464,5200,600,300,364,3000,1
113,1,0,1,0,0,0,24,1,1,4,4,0,0,1,3,0,0,3720,2080,600,0,1040,0,1
114,0,0,1,0,0,0,48,0,1,3,2,1,0,1,0,0,0,4000,2600,360,0,1040,0,1
115,1,0,1,0,0,0,44,0,0,3,3,0,0,0,1,2,0,1360,1248,12,100,0,0,1
117,1,0,1,0,0,0,30,0,0,5,3,2,0,0,4,1,0,13380,10400,2280,700,0,3000,1
121,1,0,0,1,0,0,33,1,1,3,3,0,1,1,0,1,0,5250,2600,672,1250,728,0,1
122,1,1,0,1,0,0,51,0,1,5,4,1,1,1,2,1,1,13687,8320,3024,1043,1300,15000,1
123,0,1,1,0,0,0,31,0,0,5,2,2,0,1,1,0,0,2710,2080,480,150,0,0,1
125,0,0,1,0,0,0,52,1,0,1,1,0,0,0,1,0,0,2120,1248,48,200,624,0,1
126,0,0,0,1,0,0,59,0,0,1,1,0,0,0,1,0,0,10274,5200,1224,1250,2600,0,1
127,0,1,1,0,0,0,53,0,0,4,3,1,0,1,0,1,1,2840,2600,240,0,0,0,1
128,1,0,0,1,0,0,35,1,1,2,2,0,1,1,0,1,0,3252,1560,672,500,520,0,1
129,0,1,0,1,0,0,41,0,1,5,3,2,0,2,1,0,3,41960,41600,360,0,0,0,1
131,0,1,0,1,0,0,36,0,1,5,3,2,0,2,0,0,2,12600,11180,720,700,0,1500,1
132,1,1,0,0,1,0,62,0,1,2,2,0,1,1,0,1,0,1220,1040,180,0,0,0,1
135,1,1,0,1,0,0,47,0,0,2,2,0,1,0,1,1,0,9900,6760,2640,500,0,0,1
139,1,0,1,0,0,0,54,0,1,3,3,0,0,1,2,0,0,8760,5200,2520,0,1040,0,1
140,0,1,1,0,0,0,34,0,1,4,3,1,0,2,0,0,2,5356,3848,480,300,728,0,1
143,0,1,0,1,0,0,44,0,0,4,4,0,0,0,3,0,1,5652,3640,1200,500,312,0,1
144,0,1,0,1,0,0,30,0,1,6,4,2,1,3,0,1,2,4280,3380,600,300,0,0,1
147,1,1,0,0,1,0,34,0,0,5,3,2,1,1,1,1,1,7200,6760,240,200,0,1500,1
148,0,0,1,0,0,0,60,0,0,2,2,0,0,0,0,1,0,8768,6240,300,1500,728,0,1
153,0,0,0,1,0,0,34,0,1,7,5,2,0,3,0,0,2,10160,5460,1800,2900,0,3000,1
155,0,0,0,1,0,0,24,0,1,5,4,1,0,1,0,1,0,10596,2080,6000,2100,416,0,1
156,0,1,1,0,0,0,31,0,1,4,2,2,0,2,0,0,1,27770,23400,960,2370,1040,0,1
157,1,0,0,1,0,0,42,0,1,4,2,2,0,1,1,0,2,11508,6240,3888,1380,0,0,1
159,0,0,1,0,0,0,27,0,1,7,2,4,0,1,0,0,2,16210,10400,3240,2050,520,0,1
160,1,0,1,0,0,0,47,0,1,3,3,0,0,1,2,0,0,3480,3120,360,0,0,0,1
161,1,1,0,1,0,0,19,1,1,1,1,0,0,1,0,0,0,12744,4420,6900,800,624,0,1
164,1,1,1,0,0,0,45,0,0,4,3,1,0,1,1,0,1,13400,10400,1920,300,780,0,1
166,0,1,0,1,0,0,29,0,0,5,2,3,0,1,1,0,2,4380,2600,240,500,1040,0,1
169,1,1,0,1,0,0,23,0,1,3,2,1,0,1,0,1,0,6480,5200,240,0,1040,0,1
170,1,0,0,1,0,0,45,0,0,5,5,0,0,1,2,0,2,16500,13000,240,1700,1560,0,1
172,1,0,0,1,0,0,27,0,1,6,5,1,0,2,3,0,1,7380,5200,60,300,1820,0,1
174,1,0,1,0,0,0,35,0,0,5,3,2,0,0,1,1,2,21740,1820,6000,13400,520,7000,1
177,0,1,0,1,0,0,20,0,1,3,3,0,0,2,0,1,0,3625,2600,168,77,780,0,1
180,1,0,0,1,0,0,26,1,0,3,3,0,2,0,2,0,0,8600,5200,2400,1000,0,0,1
181,1,1,0,1,0,0,43,0,1,3,2,1,0,2,0,0,1,21360,18200,2160,1000,0,3000,1
183,0,1,0,1,0,0,50,0,1,5,4,1,0,3,0,0,2,8600,2600,6000,0,0,0,1
184,0,0,1,0,0,0,36,0,1,4,2,2,0,1,0,0,2,14780,5200,2160,6900,520,1500,1
187,1,0,1,0,0,0,55,0,1,3,3,0,0,3,0,0,0,7000,2080,120,3500,1300,500,1
189,1,1,0,1,0,0,31,0,0,3,1,2,0,0,1,0,1,4246,3640,36,50,520,0,1
196,1,1,1,0,0,0,45,0,0,5,4,1,0,1,2,0,2,9004,2860,4644,1500,0,500,1
201,0,0,0,1,0,0,20,1,0,4,3,1,0,1,1,0,1,9540,4160,3600,1000,780,0,1
202,1,0,1,0,0,0,44,0,1,4,4,0,0,2,0,0,1,17740,11180,3360,1900,1300,0,1
204,1,0,0,1,0,0,50,0,0,3,3,0,0,0,1,0,2,4296,1560,1800,0,936,0,1
205,0,1,0,1,0,0,32,0,0,5,2,3,0,1,1,0,2,17866,8840,4248,4050,728,0,1
206,0,1,0,1,0,0,39,0,1,6,3,3,0,2,0,0,3,15160,7800,3600,2200,1560,0,1
209,1,1,0,1,0,0,42,0,1,4,2,2,0,1,0,0,3,4030,3640,240,150,0,0,1
212,1,0,0,1,0,0,46,0,0,4,2,2,0,0,1,0,2,12372,10400,1464,300,208,0,1
214,1,0,0,1,0,0,46,0,1,2,2,0,1,1,0,1,0,4500,4160,240,100,0,0,1
215,0,0,0,1,0,0,22,0,1,2,2,0,0,2,0,0,0,12850,5200,5400,1470,780,1500,1
226,1,1,1,0,0,0,29,0,0,5,2,3,0,1,1,0,2,6212,5200,600,100,312,1500,1
227,0,1,1,0,0,0,27,0,0,4,2,2,0,1,1,0,1,6560,4160,600,1800,0,0,1
229,1,0,1,0,0,0,50,0,1,3,3,0,0,2,0,0,0,9168,4160,4800,0,208,500,1
230,0,0,1,0,0,0,65,0,0,4,4,0,2,0,2,1,0,14760,7800,720,0,6240,0,1
232,1,0,0,1,0,0,24,1,1,4,4,0,1,2,0,1,0,55900,5200,13800,36900,0,7000,1
233,1,0,0,1,0,0,39,0,0,3,2,1,0,1,1,0,1,3860,260,3600,0,0,0,1
234,0,0,0,1,0,0,28,1,1,6,6,0,1,2,1,1,1,10810,6240,1440,1050,2080,15000,1
237,1,0,1,0,0,0,52,0,0,2,2,0,0,0,1,0,0,3100,520,1800,0,780,0,1
243,1,0,1,0,0,0,37,0,1,2,2,0,0,2,0,0,0,16560,7800,7200,0,1560,0,1
244,1,0,1,0,0,0,52,0,1,2,2,0,0,1,0,0,0,6660,3120,540,3000,0,0,1
253,1,1,0,1,0,0,26,0,0,4,2,2,0,1,1,0,2,8820,3640,2760,1900,520,500,1
255,1,1,0,1,0,0,40,0,0,4,2,2,0,1,0,0,2,14200,9360,4140,700,0,0,1
257,0,0,0,1,0,0,18,1,0,3,1,1,0,0,0,1,1,32460,19240,8160,3500,1560,0,1
265,1,1,1,0,0,0,28,0,0,4,2,2,0,1,0,0,2,10440,8320,780,300,1040,0,1
266,1,0,1,0,0,0,33,0,1,2,2,0,0,2,0,0,0,6800,3640,420,1700,1040,7000,1
268,1,1,0,1,0,0,34,0,1,4,2,2,0,2,0,0,2,13460,7800,3960,920,780,1500,1
270,0,1,0,1,0,0,30,1,1,3,2,1,0,2,0,0,0,2660,2600,60,0,0,0,1
274,1,0,0,1,0,0,55,0,0,4,4,0,0,2,1,0,1,14740,13000,1740,0,0,0,1
277,1,1,1,0,0,0,60,0,0,5,4,1,1,1,1,1,1,4216,1040,768,2200,208,0,1
279,0,0,1,0,0,0,41,0,0,3,2,1,0,0,1,0,1,2660,1040,1320,300,0,0,1
280,1,1,1,0,0,0,47,0,1,1,1,0,0,1,0,0,0,5220,3640,60,1000,520,0,1
287,0,0,1,0,0,0,35,0,1,5,2,3,0,1,0,0,2,8630,5200,1440,1470,520,0,1
289,0,1,1,0,0,0,29,0,1,3,2,1,0,2,0,0,1,5920,3120,1560,200,1040,0,1
290,0,0,0,1,0,0,41,0,1,7,3,4,0,1,1,0,5,3684,2080,480,500,624,0,1
291,1,1,1,0,0,0,22,0,0,6,4,2,0,2,0,0,0,6080,5720,360,0,0,0,1
299,1,1,1,0,0,0,54,0,0,3,3,0,0,0,2,0,1,7768,5200,1344,600,624,0,1
302,0,1,1,0,0,0,42,0,1,2,2,0,0,2,0,0,0,13172,5200,672,7300,0,0,1
308,1,0,0,1,0,0,17,1,0,4,4,0,0,0,3,0,1,24900,4420,16920,2000,1560,3000,1
310,1,1,0,1,0,0,23,0,1,1,1,0,0,1,0,0,0,6510,4680,1680,150,0,1500,1
312,0,0,0,1,0,0,30,0,0,6,4,2,0,2,1,0,2,32860,11960,2400,18500,0,15000,1
314,0,1,1,0,0,0,66,0,0,1,1,0,1,0,0,1,0,14938,2600,1560,10050,728,0,1
320,0,1,1,0,0,0,47,0,0,4,4,0,0,0,2,0,1,6750,5200,720,50,780,0,1
323,1,1,0,1,0,0,53,0,1,3,2,1,0,2,0,0,1,9308,6240,2148,400,520,1500,1
324,0,1,0,1,0,0,19,1,1,1,1,0,0,1,0,0,0,8560,5200,1800,0,1560,0,1
326,1,1,0,1,0,0,31,1,1,3,3,0,0,1,0,1,0,10260,6760,3000,500,0,0,1
327,1,1,1,0,0,0,43,0,1,4,4,0,0,3,1,0,0,4880,2080,2400,400,0,0,1
329,0,1,0,1,0,0,41,0,0,4,3,1,1,0,1,1,2,6640,520,300,5300,520,0,1
330,1,0,0,1,0,0,42,0,1,5,3,2,0,1,0,0,3,7885,3380,600,3125,780,0,1
333,1,0,0,1,0,0,31,0,1,4,2,2,0,1,1,0,2,11880,10920,360,600,0,500,1
334,0,0,0,1,0,0,27,1,1,4,4,0,0,3,0,0,1,35340,13000,7440,4500,10400,3000,1
338,0,1,0,1,0,0,45,0,0,2,1,1,0,0,1,0,1,5420,3120,600,1700,0,0,1
339,0,0,1,0,0,0,53,0,1,5,5,0,0,2,2,0,1,15190,3640,3600,7950,0,0,1
341,0,0,1,0,0,0,26,1,1,3,3,0,0,2,1,0,0,23760,20800,1920,0,1040,0,1
343,1,0,1,0,0,0,40,1,0,2,2,0,0,0,2,0,0,7420,5200,600,60,1560,0,1
346,1,0,0,1,0,0,25,0,0,5,5,0,0,2,3,0,0,8560,4160,3000,100,1300,0,1
347,0,0,0,1,0,0,47,0,0,3,3,0,0,1,2,0,0,7780,3640,4080,60,0,0,1
350,0,1,1,0,0,0,37,0,0,3,2,1,0,0,2,0,0,2160,1040,600,0,520,0,1
355,1,1,0,1,0,0,50,0,0,5,5,0,0,0,4,0,1,11600,7800,1440,800,1560,1500,1
356,0,1,0,1,0,0,20,1,1,4,3,1,0,2,1,0,0,8980,7280,1200,500,0,0,1
358,1,1,0,1,0,0,27,0,0,4,2,2,0,0,1,1,1,11100,5200,2580,1500,1820,0,1
359,0,0,1,0,0,0,40,0,0,7,3,4,0,0,3,0,1,3620,2600,240,0,780,0,1
360,1,0,1,0,0,0,33,1,0,2,2,0,0,0,1,1,0,7870,2080,3420,2370,0,500,1
361,1,0,1,0,0,0,48,0,1,5,3,2,1,1,0,1,2,6380,4160,1320,900,0,3000,1
362,0,0,1,0,0,0,50,0,0,2,2,0,0,0,2,0,0,7070,4160,1620,250,1040,0,1
364,1,0,1,0,0,0,44,0,0,5,4,1,1,0,2,0,1,4140,2600,540,1000,0,0,1
365,0,0,1,0,0,0,49,0,1,4,3,1,0,2,0,0,1,14390,12220,540,850,780,0,1
367,0,0,1,0,0,0,18,1,1,4,4,0,0,1,0,1,2,15896,2340,3744,9500,312,0,1
368,0,0,0,1,0,0,43,0,1,3,3,0,0,2,0,0,1,10632,9100,300,400,832,0,1
369,1,1,0,1,0,0,41,0,0,4,3,1,0,1,1,0,2,4760,1040,1200,2000,520,0,1
370,0,0,1,0,0,0,17,0,0,2,2,0,0,0,1,0,0,6840,6240,600,0,0,0,1
371,0,0,0,1,0,0,44,0,1,8,6,2,1,2,1,1,2,25320,14040,6564,4300,416,3000,1
372,0,0,0,1,0,0,32,0,1,4,2,1,0,1,1,0,0,11000,8840,600,0,1560,0,1
373,1,0,0,1,0,0,60,0,1,2,2,0,0,2,0,0,0,7808,2600,1632,2900,676,0,1
374,1,0,1,0,0,0,40,0,1,6,6,0,2,2,2,0,1,14000,2600,8400,3000,0,0,1
376,1,1,1,0,0,0,31,0,0,7,3,4,0,1,0,0,2,21175,20800,360,15,0,1500,1
377,1,0,0,1,0,0,28,0,1,4,2,2,0,2,0,0,1,54100,7800,4320,39900,2080,0,1
378,0,1,0,1,0,0,42,0,0,2,2,0,0,0,2,0,0,5400,2600,360,620,1820,0,1
379,0,1,0,1,0,0,26,0,1,6,4,2,1,2,0,2,1,7268,4420,600,1520,728,1500,1
381,1,0,0,1,0,0,42,0,1,5,4,1,0,1,0,0,3,32640,20800,5400,200,6240,0,1
383,1,0,1,0,0,0,41,0,1,4,2,2,0,1,0,0,2,5424,2080,1200,1000,1144,0,1
385,1,0,0,1,0,0,21,1,1,2,2,0,0,1,1,0,0,8818,4940,2748,350,780,500,1
387,1,0,0,1,0,0,33,0,1,5,2,3,0,1,0,0,2,10264,6448,1860,500,1456,500,1
389,1,1,1,0,0,0,58,1,0,1,1,0,0,0,0,0,0,2460,1560,840,60,0,0,1
390,0,0,0,1,0,0,20,1,1,1,1,0,0,1,0,0,0,21800,10400,3600,0,7800,0,1
392,0,0,0,1,0,0,50,0,1,5,4,1,0,1,2,0,3,41120,13000,7560,19000,1560,15000,1
395,1,0,0,1,0,0,27,0,1,3,2,1,0,2,0,0,0,9750,7800,1500,450,0,0,1
396,0,0,0,1,0,0,30,1,1,2,2,0,0,1,0,1,0,7396,5200,900,880,416,0,1
399,1,1,0,1,0,0,39,0,0,6,3,3,0,1,1,0,4,17320,5200,12120,0,0,0,1
400,0,1,0,1,0,0,20,0,0,3,2,0,0,1,1,0,0,6760,2600,2640,1000,520,0,1
402,0,1,0,0,1,0,20,1,1,5,4,1,0,2,0,1,3,7099,3120,3720,259,0,0,1
403,1,0,0,1,0,0,65,0,0,2,2,0,1,0,0,1,0,5560,5200,360,0,0,0,1
407,0,1,1,0,0,0,38,0,0,4,2,2,0,0,1,0,2,9100,6240,720,1100,1040,0,1
408,0,0,0,1,0,0,33,0,1,4,2,2,0,1,0,0,1,5700,3120,156,1800,624,0,1
411,1,1,0,1,0,0,26,0,1,3,2,1,0,2,0,0,0,6424,2600,1200,2000,624,0,1
412,0,0,1,0,0,0,25,1,1,1,1,0,0,1,0,0,0,7674,4940,1368,950,416,3000,1
413,1,0,0,1,0,0,47,0,1,1,1,0,0,1,0,0,0,4080,1820,600,100,1560,0,1
414,1,0,0,1,0,0,24,0,1,3,2,0,0,1,0,0,0,22980,5720,13560,3700,0,0,1
415,1,0,0,1,0,0,41,0,1,4,3,1,0,2,1,0,1,6620,5460,900,0,260,0,1
418,1,1,1,0,0,0,62,0,0,5,3,2,0,1,1,0,2,3880,1560,1320,1000,0,0,1
423,1,0,0,1,0,0,52,0,1,6,5,1,0,3,0,0,1,13260,6760,5040,1200,260,500,1
424,0,0,0,0,1,0,34,0,1,4,3,1,1,2,0,1,1,21920,5200,3480,12200,1040,15000,1
428,0,1,1,0,0,0,44,0,0,2,1,1,0,0,0,1,1,16280,6240,7200,1800,1040,0,1
430,1,0,0,1,0,0,52,0,0,3,3,0,0,1,0,1,0,3120,2600,120,400,0,0,1
431,1,1,0,1,0,0,45,0,1,3,2,1,0,1,1,0,1,8220,5200,1980,0,1040,1500,1
435,0,0,1,0,0,0,37,1,1,2,2,0,0,1,1,0,0,6200,5200,600,400,0,0,1
436,1,1,0,1,0,0,38,0,0,4,2,2,0,1,1,0,2,4940,3640,480,820,0,0,1
440,1,0,0,1,0,0,47,0,1,3,3,0,0,1,1,0,1,7180,3120,1560,1980,520,0,1
445,0,0,0,1,0,0,59,0,1,4,3,1,0,1,1,0,1,25216,10400,11640,2760,416,0,1
446,0,0,0,1,0,0,46,0,1,4,3,1,0,2,1,0,0,11450,4160,2040,3950,1300,500,1
448,1,0,0,1,0,0,43,1,0,2,2,0,1,0,0,2,0,5280,2600,1680,1000,0,0,1
452,1,0,0,1,0,0,39,0,1,4,2,2,0,2,0,0,1,10548,8060,960,800,728,0,1
454,1,0,0,1,0,0,20,1,1,3,3,0,0,2,1,0,0,11708,4160,1848,5700,0,0,1
457,1,0,0,1,0,0,42,0,1,4,3,1,0,2,0,0,2,4780,3640,1140,0,0,0,1
458,0,0,0,1,0,0,35,0,1,4,2,2,0,1,1,0,2,11700,5200,4800,1700,0,0,1
460,1,1,0,1,0,0,19,0,0,6,4,2,0,2,2,0,1,7480,4680,2700,100,0,0,1
462,1,0,0,1,0,0,51,0,1,4,2,2,0,1,0,0,2,9352,7800,552,1000,0,0,1
464,0,1,1,0,0,0,47,0,0,5,4,0,0,0,4,0,0,6000,4160,1320,0,520,0,1
465,1,0,1,0,0,0,65,0,0,1,1,0,1,0,0,1,0,4694,3640,540,150,364,0,1
470,0,1,0,1,0,0,41,0,0,4,3,1,0,0,0,1,1,10800,7800,3000,0,0,0,1
473,1,0,0,1,0,0,60,0,0,2,2,0,1,0,1,0,0,2360,2080,72,0,208,0,1
474,1,0,1,0,0,0,37,0,0,5,2,2,0,0,1,0,0,3780,1560,1440,0,780,0,1
475,0,1,0,1,0,0,53,0,0,1,1,0,0,0,0,1,0,4928,2600,1500,100,728,500,1
482,0,1,0,1,0,0,23,1,1,1,1,0,0,1,0,0,0,24880,3120,4260,17500,0,500,1
484,0,0,0,1,0,0,39,0,1,2,2,0,1,1,0,1,0,4422,2340,840,150,1092,0,1
485,1,1,1,0,0,0,63,0,0,1,1,0,0,0,0,1,0,8600,5200,2400,1000,0,0,1
486,1,1,1,0,0,0,43,0,0,2,2,0,0,1,0,1,0,12700,2600,600,9500,0,0,1
492,0,1,0,1,0,0,29,0,0,3,2,0,0,1,1,0,0,10700,3640,2760,4300,0,1500,1
493,0,1,0,1,0,0,30,0,0,4,2,2,0,1,0,0,2,3460,2600,660,200,0,0,1
496,1,0,1,0,0,0,45,0,1,3,2,1,0,1,1,0,1,5120,2600,1920,600,0,0,1
497,0,0,0,1,0,0,20,1,1,2,2,0,0,2,0,0,0,2840,2600,240,0,0,1500,1
499,1,1,1,0,0,0,35,0,1,3,2,1,0,1,0,0,2,9380,6240,2160,200,780,0,1
501,0,0,0,1,0,0,33,0,1,2,2,0,0,2,0,0,0,48080,20800,22080,5200,0,7000,1
503,0,0,0,1,0,0,19,1,1,3,3,0,0,2,0,0,0,34240,10400,13440,0,10400,0,1
509,1,0,0,1,0,0,64,0,0,3,3,0,0,0,2,0,0,9280,3640,4320,800,520,0,1
510,1,1,0,0,0,1,51,0,0,3,3,0,0,2,0,1,0,9116,2600,2580,3000,936,0,1
511,0,1,0,1,0,0,43,1,1,1,1,0,0,1,0,0,0,4240,2600,1260,120,260,0,1
518,1,0,0,1,0,0,64,0,0,2,2,0,0,0,0,1,0,8540,5200,1320,1500,520,0,1
519,1,0,1,0,0,0,61,0,1,3,2,1,0,1,0,0,1,6210,2600,1080,1750,780,0,1
520,0,0,1,0,0,0,21,1,0,4,3,1,0,1,1,0,1,5040,2600,1440,1000,0,0,1
521,1,0,0,1,0,0,21,1,1,3,3,0,0,2,0,1,0,4690,1040,840,2030,780,0,1
529,0,0,0,1,0,0,44,0,1,3,3,0,1,1,0,1,0,10312,3640,5040,540,1092,0,1
533,0,0,0,1,0,0,61,0,0,2,2,0,0,0,0,1,0,4720,3120,1200,400,0,500,1
535,1,1,1,0,0,0,58,0,0,2,2,0,0,1,0,0,0,11200,10400,240,300,260,1500,1
539,1,0,1,0,0,0,27,0,1,4,3,1,0,3,0,0,0,7090,4160,1800,350,780,3000,1
541,1,0,1,0,0,0,70,0,0,3,3,0,1,0,1,1,0,10438,7020,660,2030,728,0,1
543,1,0,1,0,0,0,33,1,0,2,2,0,1,0,1,1,0,7700,2600,4320,0,780,0,1
544,1,0,0,1,0,0,44,0,1,3,2,1,0,1,0,0,1,9780,5200,1680,2900,0,0,1
546,1,0,0,1,0,0,21,0,1,3,2,1,0,2,0,0,1,10300,5200,4800,300,0,0,1
547,1,0,0,1,0,0,19,1,1,7,6,1,0,1,3,0,1,8242,1560,4872,250,1560,7000,1
559,1,1,1,0,0,0,53,0,0,4,3,1,0,1,1,1,2,10260,9360,600,300,0,0,1
562,0,1,0,1,0,0,39,0,0,4,3,1,0,0,2,0,2,10360,7280,2280,280,520,0,1
563,1,1,0,1,0,0,44,0,0,4,3,1,0,1,2,0,1,4680,2860,1308,200,312,500,1
564,0,0,0,1,0,0,23,1,1,4,4,0,0,4,0,0,0,9720,7280,1920,0,520,1500,1
566,0,1,0,1,0,0,45,0,1,4,4,0,2,1,1,1,0,13520,10400,1560,0,1560,0,1
568,1,1,0,1,0,0,45,0,1,4,4,0,0,1,2,1,1,7040,5720,600,200,520,0,1
570,0,0,0,0,1,0,28,1,1,3,3,0,1,1,0,1,0,14180,7800,4680,1700,0,0,1
572,1,0,0,1,0,0,30,0,1,5,2,2,0,1,0,0,0,15920,9100,2760,4060,0,0,1
573,0,1,0,1,0,0,19,0,0,2,2,0,0,0,2,0,0,12780,2600,2640,6500,1040,1500,1
575,1,0,0,1,0,0,42,0,0,5,4,1,0,0,3,0,1,21280,11440,7800,1000,1040,1500,1
579,1,0,0,1,0,0,47,0,1,3,3,0,1,1,0,1,0,36060,7800,2760,25500,0,7000,1
582,0,1,0,0,1,0,19,0,1,2,2,0,0,2,0,0,0,8660,5200,2760,700,0,0,1
584,1,0,0,1,0,0,21,1,0,3,3,0,0,0,3,0,0,10196,3640,4176,300,2080,500,1
585,0,1,0,1,0,0,34,0,1,5,2,3,0,2,0,0,3,6880,2600,1200,2300,780,0,1
586,1,0,0,1,0,0,24,0,1,4,4,0,0,2,0,1,0,3760,2600,120,0,1040,7000,1
587,1,1,0,1,0,0,44,0,1,5,4,1,0,2,1,0,2,5480,2080,2940,200,260,0,1
588,0,0,0,1,0,0,41,0,1,4,2,2,0,2,0,0,2,9580,5200,840,2500,1040,0,1
589,1,0,0,0,1,0,27,1,1,3,3,0,0,2,0,1,1,8480,5200,960,1800,520,3000,1
591,0,1,0,1,0,0,42,0,1,3,3,0,0,2,0,0,0,10040,8840,600,600,0,0,1
592,0,0,0,1,0,0,34,0,0,4,2,2,0,0,2,0,1,21340,4680,12600,3800,260,0,1
598,0,1,0,1,0,0,43,0,1,4,4,0,0,3,0,0,0,13560,7800,4440,800,520,0,1
601,0,0,0,1,0,0,23,1,1,5,4,1,0,3,0,0,1,33610,13000,7020,9170,4420,0,1
607,1,0,0,1,0,0,43,0,1,3,3,0,0,1,0,0,1,4560,2600,1440,0,520,0,1
608,0,0,0,1,0,0,31,0,1,5,4,1,0,1,1,0,1,3090,1560,480,1050,0,0,1
609,1,0,0,1,0,0,36,0,0,4,2,2,0,1,1,0,2,18736,10920,6360,0,1456,0,1
610,0,1,1,0,0,0,53,0,1,2,1,1,0,1,0,0,1,6760,5200,840,200,520,0,1
614,0,1,0,0,0,1,,0,0,1,0,0,0,0,0,1,0,3480,3120,360,0,0,0,1
615,0,0,0,1,0,0,40,1,1,1,1,0,0,1,0,0,0,16320,7800,480,7000,1040,0,1
616,1,0,0,1,0,0,39,1,1,2,2,0,1,1,0,1,0,8990,7800,540,650,0,0,1
618,0,1,1,0,0,0,29,0,0,8,3,5,1,0,1,0,3,11480,8580,360,1500,1040,0,1
619,1,0,0,1,0,0,25,1,1,4,4,0,0,4,0,0,0,27660,7800,6360,13500,0,0,1
621,0,1,0,1,0,0,25,1,1,1,1,0,0,1,0,0,1,5080,2600,1200,500,780,0,1
622,0,0,0,1,0,0,31,1,1,4,4,0,2,2,0,2,0,39619,15600,19980,1959,2080,15000,1
623,1,0,0,1,0,0,25,1,0,7,5,2,0,1,4,0,2,7800,5200,1560,0,1040,0,1
624,0,0,0,1,0,0,35,0,1,4,2,2,0,1,1,0,1,13940,2600,7560,3000,780,15000,1
625,0,1,0,1,0,0,28,0,1,4,2,2,0,2,0,0,1,9900,5720,3000,400,780,0,1
627,1,0,1,0,0,0,24,0,1,5,4,0,0,1,1,0,0,6070,3640,1200,450,780,1500,1
629,1,0,0,1,0,0,28,0,1,1,1,0,0,1,0,0,0,20080,14040,840,0,5200,0,1
630,1,1,1,0,0,0,27,0,1,3,2,1,0,2,0,0,0,18560,10920,3600,3000,1040,0,1
634,1,0,1,0,0,0,54,0,0,1,1,0,0,0,1,0,0,4960,2600,1080,500,780,0,1
635,1,1,0,1,0,0,36,0,0,4,4,0,0,0,1,1,1,16720,10920,3000,1500,1300,1500,1
636,0,0,0,1,0,0,41,0,0,2,2,0,0,0,1,0,0,12200,5200,1800,0,5200,0,1
638,1,1,0,1,0,0,35,0,1,4,3,1,0,2,0,0,2,18960,12480,6180,300,0,0,1
640,0,1,0,1,0,0,34,0,1,1,1,0,0,1,0,0,0,3960,3120,840,0,0,0,1
641,1,1,0,1,0,0,34,0,0,5,3,2,1,0,1,1,1,4440,2600,600,200,1040,0,1
642,1,1,0,0,1,0,29,0,1,4,2,2,0,2,0,0,3,35840,15600,4440,13200,2600,0,1
643,0,0,1,0,0,0,60,0,0,2,2,0,0,0,1,1,0,4780,1560,1200,1500,520,0,1
646,1,0,0,1,0,0,31,0,1,4,2,2,0,1,1,0,0,47223,11323,3300,30000,2600,0,1
647,1,1,1,0,0,0,55,0,0,3,3,0,0,1,1,1,0,9244,2080,372,5700,1092,1500,1
648,0,1,0,1,0,0,24,0,0,2,1,1,0,0,1,0,0,15004,13000,2004,0,0,0,1
650,0,0,0,1,0,0,56,0,0,3,2,1,0,1,1,0,2,34960,8580,14880,11500,0,1500,1
654,1,0,0,1,0,0,59,0,0,3,3,0,1,0,0,2,0,3940,2600,300,0,1040,0,1
655,1,0,1,0,0,0,36,0,1,4,2,2,0,1,0,0,2,7968,2288,480,3900,1300,0,1
656,1,1,1,0,0,0,55,0,0,2,2,0,0,0,0,1,1,1640,1040,600,0,0,0,1
657,1,0,0,1,0,0,21,1,1,6,4,0,0,3,0,1,1,20200,11440,5400,1800,1560,0,1
658,1,0,0,1,0,0,46,0,1,3,3,0,0,1,0,0,1,3730,2600,984,146,0,0,1
660,1,1,0,1,0,0,25,0,1,6,3,3,0,3,0,0,1,26434,21840,1344,3250,0,7000,1
661,0,1,0,1,0,0,22,0,0,3,2,1,0,1,1,0,0,1588,1300,288,0,0,0,1
666,0,0,0,1,0,0,19,1,0,1,1,0,0,0,0,0,0,8020,4160,2100,200,1560,0,1
669,1,0,0,1,0,0,28,0,1,3,2,1,0,2,0,0,0,10650,7800,1200,350,1300,7000,1
675,1,0,0,1,0,0,35,0,1,4,3,1,0,2,0,1,1,10868,7800,2040,300,728,500,1
677,1,0,1,0,0,0,48,0,0,1,1,0,0,0,1,0,0,8200,5200,1200,1800,0,0,1
679,1,0,1,0,0,0,37,0,0,4,2,2,0,0,1,0,2,14104,10920,1920,900,364,1500,1
680,0,0,1,0,0,0,24,0,0,5,2,2,0,0,1,0,0,12460,7800,1560,500,2600,15000,1
684,0,1,0,1,0,0,49,0,0,4,4,0,0,0,4,0,0,7525,5200,540,225,1560,0,1
685,0,0,1,0,0,0,52,0,1,4,4,0,0,3,0,0,1,5560,4160,480,400,520,0,1
687,1,0,0,1,0,0,25,1,1,4,4,0,0,1,1,1,0,7140,5200,1020,400,520,0,1
691,0,0,1,0,0,0,30,0,0,4,2,2,0,0,1,0,1,5960,4160,1800,0,0,3000,1
694,1,0,0,1,0,0,32,0,1,4,2,2,0,2,0,0,2,13900,9360,3000,760,780,1500,1
695,1,0,0,1,0,0,22,0,1,2,2,0,0,1,1,0,1,3148,1820,600,0,728,0,1
698,1,0,0,1,0,0,45,0,0,5,4,1,0,1,1,0,2,16640,10400,2220,3500,520,0,1
701,0,1,1,0,0,0,47,0,0,8,7,1,0,2,4,0,0,17700,9360,1800,4460,2080,15000,1
702,1,1,0,1,0,0,23,0,1,2,2,0,0,2,0,0,1,40600,13000,3600,24000,0,0,1
708,1,0,1,0,0,0,31,1,1,3,3,0,0,1,2,0,0,7996,5200,600,740,1456,0,1
710,0,0,0,1,0,0,31,0,1,2,2,0,0,1,1,0,0,11120,3640,2400,4300,780,0,1
713,0,0,0,1,0,0,48,0,1,5,4,1,0,3,0,0,0,7440,5200,1200,0,1040,0,1
715,0,1,0,1,0,0,27,1,1,1,1,0,0,1,0,0,0,8900,7800,900,200,0,0,1
716,1,0,0,1,0,0,26,0,1,2,2,0,0,1,1,0,0,20500,4680,1920,13900,0,15000,1
724,1,0,0,1,0,0,46,0,1,4,4,0,0,2,2,0,0,15550,6240,3960,4570,780,7000,1
728,1,0,1,0,0,0,50,0,0,3,3,0,0,1,2,0,0,3272,2600,360,0,312,0,1
731,0,1,0,1,0,0,32,0,1,4,2,2,0,2,0,0,2,13420,10400,2160,860,0,0,1
734,0,1,0,1,0,0,18,1,1,1,1,0,0,1,0,0,0,5516,2080,2916,0,520,0,1
736,1,0,0,1,0,0,42,0,0,5,3,2,0,1,1,0,1,9728,5200,1800,2000,728,0,1
739,1,0,0,1,0,0,43,0,1,3,2,1,0,1,1,0,1,13926,10400,696,2050,780,0,1
743,1,1,0,1,0,0,37,0,1,4,3,1,0,1,0,1,2,7720,3120,600,4000,0,0,1
744,0,0,0,1,0,0,25,1,0,3,3,0,0,1,1,1,0,5300,3640,1560,100,0,15000,1
747,1,1,1,0,0,0,47,0,0,4,3,1,0,1,2,0,2,6464,3484,1800,400,780,0,1
749,1,1,1,0,0,0,19,0,0,3,2,1,0,0,2,0,0,10516,7800,240,1800,676,1500,1
750,1,0,1,0,0,0,47,0,1,3,2,1,0,1,0,0,1,4664,3900,360,300,104,0,1
754,0,0,0,1,0,0,23,1,1,4,4,0,1,1,2,1,0,9640,6760,2880,0,0,0,1
755,0,1,1,0,0,0,50,0,0,5,4,1,0,0,2,1,0,43550,5200,11400,25650,1300,0,1
759,0,0,0,1,0,0,19,1,0,5,3,2,0,0,1,0,1,18560,2600,240,15200,520,0,1
761,0,1,0,1,0,0,41,0,1,2,2,0,0,2,0,0,0,6160,3640,1200,800,520,0,1
766,1,0,0,1,0,0,29,0,1,5,3,1,0,1,1,1,1,8584,4160,3600,200,624,7000,1
767,1,1,0,1,0,0,55,0,0,2,2,0,0,0,0,2,0,6900,5200,1080,100,520,0,1
770,1,1,0,1,0,0,24,0,1,3,2,1,0,2,0,0,0,5160,3640,480,0,1040,500,1
774,0,0,1,0,0,0,23,0,1,4,2,2,0,1,0,0,0,22330,8840,9480,2450,1560,0,1
775,1,1,1,0,0,0,31,0,0,5,3,2,0,1,0,0,1,7800,5200,1200,100,1300,0,1
777,1,0,1,0,0,0,27,0,1,5,2,3,0,1,0,0,1,4946,3640,240,650,416,3000,1
780,0,0,0,1,0,0,46,0,0,5,3,2,0,0,1,0,1,10020,4160,1800,940,3120,1500,1
781,1,1,0,0,1,0,23,0,1,4,2,2,0,1,1,0,2,5060,3120,1140,800,0,0,1
784,0,1,0,1,0,0,49,0,0,2,2,0,0,1,1,0,0,4252,1040,432,2000,780,1500,1
785,1,1,1,0,0,0,25,0,1,8,4,4,0,4,0,0,4,7740,5200,1200,300,1040,0,1
786,0,0,0,1,0,0,36,0,1,4,2,2,0,1,0,0,0,10720,8060,660,2000,0,0,1
791,1,1,1,0,0,0,43,0,0,8,6,2,1,1,2,0,3,12440,6760,480,5200,0,0,1
792,0,0,0,1,0,0,36,0,1,3,2,1,0,1,1,0,1,8260,5980,600,900,780,1500,1
793,0,0,0,1,0,0,42,0,1,5,2,3,0,2,0,0,3,11850,3120,2280,6450,0,0,1
797,0,0,0,1,0,0,19,1,1,4,4,0,0,2,1,0,1,7200,3120,2760,800,520,0,1
798,1,0,0,1,0,0,54,0,1,6,3,3,0,1,0,0,4,13940,10400,720,2300,520,0,1
799,1,0,1,0,0,0,47,0,0,6,6,0,0,0,5,0,0,6260,4160,1320,0,780,0,1
802,1,1,0,1,0,0,26,0,0,4,2,2,0,0,2,0,0,6628,3900,1200,800,728,0,1
803,1,0,0,1,0,0,45,0,1,2,2,0,0,1,0,0,0,6268,5200,600,0,468,0,1
805,0,0,0,1,0,0,33,0,0,4,2,2,0,0,1,0,2,35140,7800,7200,16500,3640,0,1
806,1,1,0,1,0,0,31,1,1,2,2,0,0,2,0,0,0,10040,6760,2760,0,520,0,1
808,0,1,1,0,0,0,28,0,0,4,2,1,0,1,1,0,1,4126,2756,780,70,520,0,1
813,0,0,0,1,0,0,26,0,0,5,5,0,0,0,4,0,0,7712,5200,1284,500,728,7000,1
814,1,1,0,1,0,0,31,0,1,2,1,1,0,1,0,0,1,8080,7800,180,100,0,0,1
815,1,0,0,1,0,0,30,0,0,7,5,1,0,1,2,0,2,35300,6240,6720,21300,1040,0,1
816,0,0,0,1,0,0,35,1,0,4,4,0,1,1,2,1,0,4460,3120,720,100,520,0,1
821,0,1,0,1,0,0,26,1,1,3,3,0,0,1,1,0,0,7196,5200,1320,0,676,0,1
823,0,0,0,1,0,0,39,0,1,5,2,3,0,2,0,0,3,25870,18200,7320,350,0,7000,1
824,0,0,0,1,0,0,39,0,1,4,3,1,0,1,1,0,1,12520,9360,2640,0,520,0,1
825,0,1,0,1,0,0,25,0,1,5,4,1,0,2,1,0,0,8992,8320,672,0,0,500,1
827,0,1,1,0,0,0,38,0,0,4,3,1,0,1,1,0,2,17920,12220,1920,3000,780,0,1
829,1,1,1,0,0,0,34,0,0,5,2,3,0,1,1,0,2,6720,2600,2460,1140,520,0,1
832,0,0,0,1,0,0,49,0,1,2,2,0,0,1,1,0,0,16196,6760,4044,4300,1092,0,1
840,1,0,0,1,0,0,27,0,1,3,3,0,0,1,0,1,0,3892,2080,720,0,1092,0,1
846,1,0,0,1,0,0,20,1,1,2,2,0,0,2,0,0,0,2760,1560,1200,0,0,0,1
848,1,0,0,1,0,0,48,0,1,1,1,0,0,1,0,0,0,15376,10400,3840,200,936,0,1
849,1,0,0,1,0,0,63,0,1,1,1,0,0,1,0,0,0,8120,5720,2400,0,0,0,1
850,1,1,1,0,0,0,41,0,0,6,4,2,0,3,0,0,1,7064,5200,900,600,364,0,1
851,1,0,0,1,0,0,18,1,0,4,3,1,0,1,1,0,1,5620,1560,2400,100,1560,0,1
853,1,0,0,1,0,0,42,0,1,3,3,0,1,1,0,2,0,13170,8580,3000,550,1040,0,1
854,1,1,0,1,0,0,52,0,1,3,3,0,0,3,0,0,0,23080,3640,3600,14800,1040,0,1
857,0,0,0,0,1,0,47,0,0,4,3,1,0,1,1,0,3,19620,14040,3000,1800,780,0,1
859,1,0,0,1,0,0,31,0,1,3,2,1,0,1,1,0,0,15840,5200,9720,400,520,0,1
860,0,0,1,0,0,0,33,0,1,4,2,1,0,1,0,0,0,11680,5200,3480,400,2600,0,1
865,1,0,0,1,0,0,19,1,1,4,4,0,0,3,0,0,1,49580,31200,8400,9200,780,0,1
866,0,0,0,1,0,0,18,1,1,4,3,1,0,1,1,0,1,5624,1560,3960,0,104,1500,1
874,0,0,0,1,0,0,44,0,0,3,2,1,0,0,2,0,1,8190,5720,1800,150,520,0,1
876,1,1,1,0,0,0,31,0,0,6,2,4,0,1,1,0,4,8420,5200,960,700,1560,1500,1
877,0,0,0,0,1,0,21,1,0,1,1,0,0,0,1,0,0,15160,7800,600,5200,1560,0,1
879,1,1,0,1,0,0,38,0,1,4,2,2,0,2,0,0,2,12130,8840,1440,1070,780,0,1
884,1,0,0,0,1,0,18,1,0,5,5,0,1,2,1,1,1,14388,8840,3528,1500,520,0,1
890,0,0,0,1,0,0,45,0,1,4,4,0,0,1,1,0,1,19540,6760,3156,7700,1924,1500,1
891,0,0,0,1,0,0,21,1,1,4,4,0,0,2,1,1,0,16024,11960,1884,620,1560,0,1
893,1,0,0,0,1,0,46,0,1,4,2,1,0,1,0,1,0,3240,1560,660,500,520,0,1
897,1,0,0,1,0,0,34,1,1,1,1,0,0,1,0,0,0,8030,4420,3480,130,0,500,1
898,0,0,0,1,0,0,30,0,1,5,3,2,1,1,0,0,0,5332,4420,600,0,312,0,1
905,1,1,0,1,0,0,42,0,0,3,2,1,0,0,1,0,2,8920,5980,1440,1500,0,0,1
908,1,0,1,0,0,0,45,0,0,4,4,0,0,0,3,0,0,16300,15600,600,100,0,0,1
915,0,0,0,1,0,0,22,1,0,1,1,0,0,0,0,0,0,32498,6058,12840,11000,2600,0,1
929,1,0,0,1,0,0,49,0,0,3,3,0,0,1,0,1,1,55040,4680,14760,33000,2600,0,1
931,1,1,0,1,0,0,38,0,1,6,5,1,1,1,0,2,3,8880,6240,1200,400,1040,3000,1
933,1,0,0,1,0,0,25,1,1,2,2,0,0,2,0,0,0,4960,1560,2400,1000,0,0,1
935,1,0,0,0,1,0,49,0,0,3,3,0,0,1,0,1,1,14112,5200,3600,5000,312,0,1
937,0,1,0,1,0,0,28,1,1,1,1,0,0,1,0,0,0,6520,5200,540,0,780,0,1
939,0,1,0,0,1,0,20,1,0,4,4,0,0,1,2,0,1,12200,2600,5040,3000,1560,0,1
941,0,1,1,0,0,0,55,0,0,1,1,0,0,0,0,1,0,7580,5200,360,1500,520,0,1
942,1,1,0,1,0,0,45,0,0,6,5,1,0,3,1,0,0,10772,7800,2400,0,572,0,1
945,1,1,1,0,0,0,27,0,1,4,3,1,0,3,0,0,1,22990,15600,4320,2550,520,0,1
947,0,1,1,0,0,0,47,0,0,5,5,0,1,0,4,1,0,8340,7800,240,300,0,0,1
948,1,1,0,1,0,0,26,0,0,10,6,4,1,2,2,1,2,16200,15600,600,0,0,0,1
950,1,0,0,1,0,0,18,1,0,6,4,0,0,2,0,3,1,16640,13000,960,600,2080,0,1
951,1,1,0,1,0,0,22,0,1,3,2,1,0,2,0,0,0,6400,5200,1200,0,0,0,1
953,1,0,0,1,0,0,45,0,1,2,2,0,0,1,0,0,0,13320,11960,840,0,520,0,1
954,0,0,0,1,0,0,25,1,1,5,5,0,1,3,0,1,0,21600,8840,5220,6500,1040,0,1
955,1,0,0,1,0,0,24,1,0,3,3,0,0,0,2,0,0,5232,3900,432,900,0,500,1
956,0,1,0,1,0,0,34,0,0,3,2,1,0,1,1,0,0,11065,7800,1680,25,1560,0,1
958,1,0,1,0,0,0,61,0,0,2,2,0,0,0,1,0,0,2380,520,768,0,1092,0,1
959,1,0,1,0,0,0,56,0,1,4,4,0,0,4,0,0,0,9000,7800,1200,0,0,0,1
961,1,0,0,1,0,0,25,1,1,4,4,0,1,1,1,1,0,14210,6500,7320,390,0,0,1
962,1,1,0,0,1,0,27,0,1,6,4,2,0,2,0,2,1,27700,7800,12600,4700,2600,0,1
964,1,0,0,1,0,0,31,0,1,5,4,1,0,2,0,1,0,11980,9360,600,1500,520,0,1
965,1,1,0,1,0,0,60,0,0,3,3,0,1,0,0,3,0,9600,5200,1200,3200,0,0,1
969,1,1,1,0,0,0,39,0,0,2,1,1,0,0,1,0,1,7940,3120,1884,2000,936,0,1
971,0,1,1,0,0,0,51,0,0,5,3,2,0,1,1,1,0,11880,7800,4080,0,0,0,1
972,1,0,0,1,0,0,25,1,1,2,2,0,0,2,0,0,0,17240,11960,3840,400,1040,7000,1
974,1,0,1,0,0,0,38,0,1,5,3,2,0,2,0,0,3,8980,3640,4320,500,520,0,1
979,1,1,0,1,0,0,43,0,1,1,1,0,0,1,0,0,0,5284,4680,240,0,364,0,1
980,1,0,0,1,0,0,25,1,1,4,4,0,0,1,1,0,1,8260,6760,1200,300,0,0,1
981,0,1,1,0,0,0,47,0,1,4,3,1,0,3,0,0,1,6600,5720,480,400,0,0,1
982,0,0,0,1,0,0,42,0,1,1,1,0,0,1,0,0,0,8980,2860,1560,4040,520,0,1
987,0,0,0,1,0,0,19,1,1,5,4,1,0,1,3,0,1,22940,7800,1560,11500,2080,0,1
991,1,0,0,1,0,0,37,1,1,5,4,1,1,1,0,2,2,16200,11180,2400,2100,520,7000,1
993,1,1,0,1,0,0,46,0,0,4,4,0,1,2,2,0,0,6040,5200,840,0,0,1500,1
996,0,1,0,1,0,0,54,0,0,3,2,1,0,0,1,1,1,12380,10400,240,700,1040,0,1
1000,0,1,1,0,0,0,26,1,0,2,1,1,0,0,1,0,0,8428,6760,540,400,728,0,1
1004,0,1,1,0,0,0,44,0,1,2,2,0,0,2,0,0,0,16220,10400,4440,600,780,3000,1
1006,1,0,1,0,0,0,43,0,0,4,4,0,0,0,1,0,2,9030,3328,3672,1250,780,0,1
1010,1,0,0,1,0,0,41,0,1,5,5,0,1,1,1,1,2,10248,5980,2340,1200,728,0,1
1013,1,0,1,0,0,0,33,1,0,4,3,1,1,0,2,1,1,8560,4940,1200,1900,520,0,1
1015,1,0,0,1,0,0,47,0,0,5,4,1,0,0,3,0,2,14970,8320,6000,650,0,0,1
1016,1,1,0,1,0,0,27,1,1,1,1,0,0,1,0,0,0,4280,2600,1680,0,0,0,1
1021,1,0,1,0,0,0,61,0,0,5,3,2,0,0,1,2,2,8224,5200,600,1800,624,0,1
1024,1,0,0,1,0,0,36,0,1,3,2,1,0,1,1,0,0,11340,6760,2040,1760,780,0,1
1026,0,0,0,1,0,0,21,1,0,4,3,1,1,0,0,1,1,14800,5200,6600,3000,0,0,1
1027,1,1,0,1,0,0,51,0,0,2,2,0,0,0,2,0,0,12440,7800,120,4000,520,0,1
1029,0,1,0,1,0,0,29,0,1,3,2,1,0,2,0,0,0,16800,7800,1500,7500,0,0,1
1032,1,0,0,1,0,0,23,1,0,4,3,1,0,0,2,0,2,7600,2600,4800,200,0,0,1
1035,0,0,0,1,0,0,47,0,1,4,4,0,0,2,0,0,1,4300,2600,1200,500,0,0,1
1037,0,0,0,1,0,0,22,1,1,6,5,1,0,3,0,0,2,11756,7800,1896,500,1560,0,1
1042,0,1,0,1,0,0,21,0,1,3,3,0,1,2,0,1,0,19140,10400,3600,1500,3640,0,1
1045,1,1,1,0,0,0,53,0,0,7,5,1,0,3,0,1,3,37820,26000,8040,3000,780,0,1
1048,0,0,0,1,0,0,36,0,1,4,2,2,0,1,0,0,1,19762,4160,3672,11150,780,1500,1
1053,0,1,0,1,0,0,43,0,1,5,3,2,0,2,0,0,2,18140,11700,4320,300,1820,0,1
1061,1,0,0,1,0,0,18,1,1,4,3,1,0,2,0,1,0,17000,2600,14400,0,0,0,1
1064,1,1,0,0,1,0,27,1,1,1,1,0,0,1,0,0,1,15560,7800,4200,2000,1560,0,1
1065,1,0,0,1,0,0,53,0,1,2,2,0,0,2,0,0,0,4840,3640,1200,0,0,0,1
1067,1,0,0,1,0,0,44,1,1,3,3,0,1,2,0,0,0,8920,5200,1200,2000,520,0,1
1068,0,0,0,1,0,0,44,0,1,5,3,2,0,1,1,0,1,6760,4160,1800,800,0,0,1
1070,0,0,0,1,0,0,23,1,0,5,5,0,1,2,2,1,0,14624,4680,1752,7100,1092,7000,1
1072,1,1,1,0,0,0,49,1,0,3,3,0,1,0,3,0,0,6120,3640,480,2000,0,0,1
1073,0,1,1,0,0,0,57,0,0,2,2,0,0,1,0,0,0,3896,2600,84,120,1092,0,1
1076,0,1,1,0,0,0,33,0,0,5,3,2,0,1,1,1,2,5080,3380,1200,500,0,0,1
1080,1,0,1,0,0,0,43,1,0,1,1,0,0,0,1,0,0,11700,4160,2160,3300,2080,7000,1
1084,0,0,0,1,0,0,37,0,1,3,2,1,0,1,0,0,1,13520,10400,2400,200,520,7000,1
1085,1,0,0,1,0,0,49,0,1,4,3,1,0,3,0,0,1,6620,3640,2160,300,520,0,1
1086,0,0,1,0,0,0,50,0,0,4,2,2,0,0,1,0,2,4500,2080,1200,700,520,3000,1
1087,1,0,0,1,0,0,43,0,1,4,2,2,0,1,1,0,2,7880,6240,360,240,1040,3000,1
1089,0,0,0,1,0,0,27,0,1,2,2,0,0,2,0,0,0,4684,2080,2004,600,0,3000,1
1091,0,1,0,1,0,0,28,0,0,4,2,2,0,0,2,0,1,9010,6240,1800,450,520,0,1
1094,1,0,0,1,0,0,29,1,1,4,4,0,0,2,0,1,0,3240,2600,120,0,520,0,1
1095,1,1,0,1,0,0,44,0,1,4,3,1,0,2,0,0,2,8080,5200,1440,400,1040,1500,1
1098,0,1,0,1,0,0,50,0,1,2,2,0,0,2,0,0,0,3868,2600,540,0,728,0,1
1099,1,1,1,0,0,0,45,0,0,9,8,1,0,3,1,0,3,14732,10400,1740,1500,1092,0,1
1100,1,1,0,0,1,0,42,1,1,3,3,0,2,1,0,2,0,7680,3120,1440,3120,0,0,1
1101,1,0,0,1,0,0,37,0,1,6,4,2,1,1,1,1,3,6160,3640,1920,600,0,0,1
1102,0,1,1,0,0,0,49,0,0,2,2,0,0,0,0,1,1,16460,5200,4920,5300,1040,0,1
1104,0,1,0,1,0,0,43,0,1,3,3,0,2,1,0,1,0,15490,11440,3180,870,0,1500,1
1105,1,1,0,1,0,0,57,0,0,3,3,0,0,2,0,1,0,11880,7800,4080,0,0,0,1
1106,1,1,0,1,0,0,40,0,1,5,3,2,0,1,1,0,3,8260,6240,120,1900,0,0,1
1107,1,1,1,0,0,0,46,0,1,4,4,0,0,4,0,0,0,20400,15600,4800,0,0,1500,1
1108,1,0,0,1,0,0,52,0,1,3,2,1,0,2,0,0,0,12050,2600,6240,1650,1560,3000,1
1109,0,0,0,0,1,0,25,1,1,4,4,0,1,2,0,1,0,15200,7800,2400,5000,0,0,1
1111,0,0,0,1,0,0,21,1,0,2,2,0,0,0,1,1,0,19120,5200,12360,0,1560,0,1
1113,1,1,0,1,0,0,54,0,1,2,2,0,0,2,0,0,0,6220,1560,2160,2500,0,0,1
1116,0,0,1,0,0,0,37,0,1,4,2,2,0,1,1,0,1,7420,4680,1200,760,780,0,1
1117,0,0,1,0,0,0,49,0,0,6,4,1,0,0,4,0,3,52320,18200,21600,12000,520,0,1
1119,1,0,0,1,0,0,29,1,1,4,4,0,0,3,1,0,1,31660,15600,4980,8480,2600,500,1
1121,1,1,0,1,0,0,27,0,0,4,2,2,0,1,0,0,0,7480,5200,2280,0,0,0,1
1122,1,1,0,1,0,0,39,0,1,4,3,1,0,2,0,0,2,7640,2600,5040,0,0,0,1
1125,0,0,0,1,0,0,39,0,1,4,2,1,0,2,0,0,1,15400,5200,480,9200,520,0,1
1127,0,1,0,1,0,0,41,0,0,5,4,1,0,2,0,0,1,14720,9360,3840,1000,520,0,1
1133,0,0,0,1,0,0,23,0,1,5,3,2,0,1,0,1,2,7520,6240,240,0,1040,0,1
1134,1,1,1,0,0,0,60,0,0,1,1,0,0,0,0,1,0,17540,4160,12360,500,520,0,1
1136,0,0,1,0,0,0,34,0,1,3,2,1,0,1,1,0,1,4660,3120,720,300,520,0,1
1138,0,1,0,1,0,0,23,1,1,3,3,0,0,2,0,1,0,10820,7800,1980,0,1040,0,1
1142,1,0,0,1,0,0,21,1,1,3,3,0,0,2,0,0,0,22980,7800,6960,7700,520,1500,1
1143,0,0,0,1,0,0,36,0,1,5,2,3,0,1,0,0,3,10600,6760,1500,1300,1040,1500,1
1146,1,0,0,1,0,0,42,0,1,5,5,0,0,2,2,0,1,7850,2600,4200,270,780,500,1
1148,1,1,0,1,0,0,33,0,0,4,3,1,0,1,1,0,2,15332,10712,540,2000,2080,15000,1
1149,1,0,0,1,0,0,35,0,1,5,2,3,0,1,0,0,3,8320,5980,1200,100,1040,0,1
1152,1,1,0,1,0,0,39,0,0,4,3,1,0,2,1,0,1,8300,6500,1800,0,0,500,1
1156,0,1,0,1,0,0,34,0,1,4,2,2,0,2,0,0,0,17960,14560,1920,700,780,0,1
1157,0,1,1,0,0,0,32,0,0,4,2,2,0,0,1,0,2,7112,5720,1080,0,312,0,1
1163,1,1,0,1,0,0,38,0,1,3,3,0,1,2,0,1,0,17880,5200,6180,6500,0,500,1
1164,0,0,1,0,0,0,32,0,0,4,2,2,0,0,1,0,2,5800,5200,480,120,0,0,1
1168,1,1,0,1,0,0,43,0,0,4,3,1,0,0,1,1,2,5420,2600,120,1400,1300,1500,1
1170,1,1,0,1,0,0,59,0,0,1,1,0,0,0,0,1,0,640,520,120,0,0,3000,1
1171,0,0,0,1,0,0,52,0,0,3,2,1,0,0,1,1,1,19012,7800,4440,5472,1300,0,1
1172,1,1,0,1,0,0,25,0,0,7,3,3,0,1,1,0,0,2950,1560,420,450,520,0,1
1174,0,0,0,1,0,0,53,0,1,3,3,0,0,3,0,0,0,17020,5720,6300,5000,0,0,1
1179,0,0,0,1,0,0,35,0,1,4,2,1,0,2,0,0,0,7440,3640,2760,0,1040,0,1
1181,0,0,0,0,1,0,27,1,1,4,4,0,0,2,1,1,0,18800,18200,600,0,0,0,1
1183,1,0,0,1,0,0,20,1,1,7,6,0,0,2,3,0,1,54200,13000,4200,37000,0,7000,1
1184,1,0,1,0,0,0,30,0,1,1,1,0,0,1,0,0,0,11540,5200,4800,500,1040,0,1
1187,0,1,0,1,0,0,35,0,1,6,3,3,0,2,0,0,4,14480,10400,1800,1500,780,0,1
1189,1,1,1,0,0,0,37,0,0,2,1,1,0,0,0,1,0,16680,5200,960,10000,520,0,1
1190,0,1,0,1,0,0,47,0,0,2,2,0,0,1,1,0,1,3808,2600,480,0,728,1500,1
1192,0,0,0,1,0,0,34,0,0,7,4,3,2,1,2,0,0,8720,6240,1440,0,1040,0,1
1196,1,1,1,0,0,0,28,0,0,3,1,2,0,0,0,0,2,6480,5460,1020,0,0,0,1
1198,1,0,0,1,0,0,32,0,0,5,2,3,0,0,1,0,3,19920,2860,840,15700,520,0,1
1205,0,1,1,0,0,0,34,0,1,5,2,3,0,1,1,0,3,7640,2600,2220,2300,520,3000,1
1206,1,1,1,0,0,0,53,0,1,3,3,0,0,2,1,0,0,7956,4524,1560,0,1872,15000,1
1207,1,1,1,0,0,0,61,0,0,2,2,0,1,0,0,1,0,10660,2080,7800,0,780,0,1
1209,0,0,1,0,0,0,42,0,1,4,3,1,0,2,0,0,2,27890,22360,3600,1150,780,0,1
1212,0,1,0,1,0,0,42,0,1,3,2,1,0,2,0,0,1,10600,8320,1560,200,520,0,1
1219,0,0,0,1,0,0,36,0,0,4,3,1,0,0,1,2,0,28410,5200,2520,19650,1040,7000,1
1232,0,0,0,1,0,0,39,1,0,2,2,0,0,0,1,1,0,3824,2600,600,0,624,0,1
1233,1,1,0,1,0,0,34,0,0,5,2,3,0,1,1,0,2,4660,2080,1200,600,780,0,1
1234,1,0,0,1,0,0,44,1,1,1,1,0,0,1,0,0,0,6820,5200,600,500,520,7000,1
1235,1,0,1,0,0,0,37,0,1,4,3,1,1,2,0,1,1,17140,5200,8400,2500,1040,0,1
1238,1,1,0,1,0,0,22,1,1,1,1,0,0,1,0,0,1,8560,3120,360,4040,1040,0,1
1239,0,0,0,1,0,0,23,1,1,2,2,0,0,1,0,1,0,28660,16640,10980,0,1040,7000,1
1243,1,1,1,0,0,0,26,1,1,5,3,1,0,3,0,0,1,12444,6500,3360,400,2184,0,1
1246,0,0,1,0,0,0,44,0,1,2,1,1,0,1,0,0,1,16460,7800,5760,2900,0,0,1
1250,0,0,0,1,0,0,19,1,1,3,3,0,2,1,0,1,0,4540,2600,1740,200,0,0,1
1254,0,0,0,1,0,0,26,0,1,4,4,0,0,3,1,0,1,23360,6240,5520,9000,2600,7000,1
1255,1,0,0,1,0,0,49,0,1,3,3,0,0,1,0,0,1,5340,4160,180,1000,0,0,1
1256,1,0,0,1,0,0,32,1,1,2,2,0,0,2,0,0,0,13320,10400,2400,0,520,0,1
1257,1,1,0,1,0,0,24,0,0,4,2,2,0,1,1,0,1,3260,2080,528,600,52,0,1
1258,0,0,0,1,0,0,21,1,0,1,1,0,0,0,1,1,0,5100,2600,960,500,1040,0,1
1259,0,0,0,1,0,0,46,0,0,5,4,1,0,0,2,0,2,20950,13000,1860,6090,0,0,1
1260,1,1,0,1,0,0,24,0,1,3,2,1,0,2,0,0,1,9560,5200,3840,0,520,0,1
1265,1,1,1,0,0,0,41,0,1,4,4,0,0,2,0,1,2,7450,4160,1500,1790,0,500,1
1266,0,0,1,0,0,0,37,0,0,5,3,2,1,0,1,1,2,7200,3640,2040,1000,520,0,1
1269,0,0,0,1,0,0,52,0,1,2,2,0,0,1,0,1,0,6760,2600,1560,2600,0,0,1
1270,1,1,1,0,0,0,53,0,0,2,2,0,0,1,0,0,0,5880,3120,1560,1200,0,0,1
1273,1,1,0,1,0,0,44,0,0,5,4,1,0,2,1,0,2,3992,2080,1332,60,520,500,1
1276,0,1,1,0,0,0,20,0,1,3,2,1,0,2,0,0,1,4200,2600,600,1000,0,0,1
1281,0,0,0,1,0,0,21,1,1,2,1,0,0,1,0,1,0,3340,2080,240,500,520,0,1
